filename,chroma_stft,rmse,spectral_centroid,spectral_bandwidth,rolloff,zero_crossing_rate,mfcc1,mfcc2,mfcc3,mfcc4,mfcc5,mfcc6,mfcc7,mfcc8,mfcc9,mfcc10,mfcc11,mfcc12,mfcc13,mfcc14,mfcc15,mfcc16,mfcc17,mfcc18,mfcc19,mfcc20,label
blues.00087.wav,0.3367731,1,1442.19027057929,1870.53415508823,3083.41468834656,0.050889337025929,-155.50493,125.63886,1.5965533,45.804523,0.9007783,25.367563,-10.787497,15.5663805,-11.920467,1.2644409,-6.649821,-0.7928932,-7.748057,0.41354805,-7.030263,3.9976788,-6.2566113,0.95822704,2.0198214,-5.7421885,blues
